{
	"partitions" : [
		{
			"name" : "Top",
			"pins" : [
				{
					"name" : "ALU[7]",
					"strict" : false
				},
				{
					"name" : "ALU[6]",
					"strict" : false
				},
				{
					"name" : "ALU[5]",
					"strict" : false
				},
				{
					"name" : "ALU[4]",
					"strict" : false
				},
				{
					"name" : "ALU[3]",
					"strict" : false
				},
				{
					"name" : "ALU[2]",
					"strict" : false
				},
				{
					"name" : "ALU[1]",
					"strict" : false
				},
				{
					"name" : "ALU[0]",
					"strict" : false
				},
				{
					"name" : "DR1[7]",
					"strict" : false
				},
				{
					"name" : "DR1[6]",
					"strict" : false
				},
				{
					"name" : "DR1[5]",
					"strict" : false
				},
				{
					"name" : "DR1[4]",
					"strict" : false
				},
				{
					"name" : "DR1[3]",
					"strict" : false
				},
				{
					"name" : "DR1[2]",
					"strict" : false
				},
				{
					"name" : "DR1[1]",
					"strict" : false
				},
				{
					"name" : "DR1[0]",
					"strict" : false
				},
				{
					"name" : "R0[7]",
					"strict" : false
				},
				{
					"name" : "R0[6]",
					"strict" : false
				},
				{
					"name" : "R0[5]",
					"strict" : false
				},
				{
					"name" : "R0[4]",
					"strict" : false
				},
				{
					"name" : "R0[3]",
					"strict" : false
				},
				{
					"name" : "R0[2]",
					"strict" : false
				},
				{
					"name" : "R0[1]",
					"strict" : false
				},
				{
					"name" : "R0[0]",
					"strict" : false
				},
				{
					"name" : "DR2[7]",
					"strict" : false
				},
				{
					"name" : "DR2[6]",
					"strict" : false
				},
				{
					"name" : "DR2[5]",
					"strict" : false
				},
				{
					"name" : "DR2[4]",
					"strict" : false
				},
				{
					"name" : "DR2[3]",
					"strict" : false
				},
				{
					"name" : "DR2[2]",
					"strict" : false
				},
				{
					"name" : "DR2[1]",
					"strict" : false
				},
				{
					"name" : "DR2[0]",
					"strict" : false
				},
				{
					"name" : "BUS[7]",
					"strict" : false
				},
				{
					"name" : "BUS[6]",
					"strict" : false
				},
				{
					"name" : "BUS[5]",
					"strict" : false
				},
				{
					"name" : "BUS[4]",
					"strict" : false
				},
				{
					"name" : "BUS[3]",
					"strict" : false
				},
				{
					"name" : "BUS[2]",
					"strict" : false
				},
				{
					"name" : "BUS[1]",
					"strict" : false
				},
				{
					"name" : "BUS[0]",
					"strict" : false
				},
				{
					"name" : "M[20]",
					"strict" : false
				},
				{
					"name" : "M[19]",
					"strict" : false
				},
				{
					"name" : "M[21]",
					"strict" : false
				},
				{
					"name" : "M[22]",
					"strict" : false
				},
				{
					"name" : "M[24]",
					"strict" : false
				},
				{
					"name" : "M[23]",
					"strict" : false
				},
				{
					"name" : "ALU_B",
					"strict" : false
				},
				{
					"name" : "RJ_B",
					"strict" : false
				},
				{
					"name" : "IR[1]",
					"strict" : false
				},
				{
					"name" : "IR[0]",
					"strict" : false
				},
				{
					"name" : "RD_B",
					"strict" : false
				},
				{
					"name" : "IR[3]",
					"strict" : false
				},
				{
					"name" : "IR[2]",
					"strict" : false
				},
				{
					"name" : "RS_B",
					"strict" : false
				},
				{
					"name" : "IN[7]",
					"strict" : false
				},
				{
					"name" : "SW_B",
					"strict" : false
				},
				{
					"name" : "T2",
					"strict" : false
				},
				{
					"name" : "LDDR2",
					"strict" : false
				},
				{
					"name" : "LDDR1",
					"strict" : false
				},
				{
					"name" : "IN[6]",
					"strict" : false
				},
				{
					"name" : "IN[5]",
					"strict" : false
				},
				{
					"name" : "IN[4]",
					"strict" : false
				},
				{
					"name" : "IN[3]",
					"strict" : false
				},
				{
					"name" : "IN[2]",
					"strict" : false
				},
				{
					"name" : "IN[1]",
					"strict" : false
				},
				{
					"name" : "IN[0]",
					"strict" : false
				},
				{
					"name" : "LDRI",
					"strict" : false
				}
			]
		}
	]
}